Timestamps,Region_1,Region_2,Region_3,Region_4
0.0,0.0,0.0,0.0,0.0
0.1,0.0,0.0,0.0,0.0
0.2,0.0,0.0,0.0,0.0
0.30000000000000004,0.0,0.0,0.0,0.0
0.4,9.779259197979867e-07,5.575807896884117e-07,7.266020256373869e-07,4.246667821759422e-07
0.5,4.590983523128135e-06,2.597833311707633e-06,3.41368144402017e-06,1.9888203339135994e-06
0.6000000000000001,1.2938720311526304e-05,7.265575117578163e-06,9.627722435756546e-06,5.591036245469076e-06
0.7000000000000001,2.8376573854965107e-05,1.581182425470354e-05,2.112977501076749e-05,1.2230234569767303e-05
0.8,5.337064237097707e-05,2.950795401580341e-05,3.976739112061698e-05,2.2941034906296057e-05
0.9,9.038600417080641e-05,4.9582118114579045e-05,6.739104085312834e-05,3.874439320156844e-05
1.0,0.0001418022573415681,7.717350664649374e-05,0.00010579047722414562,6.061065261236399e-05
1.1,0.00020985105387384418,0.000113300785188869,0.0001566473079946491,8.94326423852503e-05
1.2000000000000002,0.00029657134169625265,0.00015884173751774434,0.00022150070295478267,0.00012600688212840755
1.3,0.0004037787606592973,0.00021452165852024307,0.00030172368198718466,0.00017102127670492822
1.4000000000000001,0.0005330463138483493,0.0002809085190039943,0.00039850790678282644,0.00022504798757500257
1.5,0.0006856939518642749,0.00035841329228427466,0.0005128552602174193,0.0002885403952493997
1.6,0.0008627851407069108,0.00044729414062927823,0.0006455747997872849,0.00036183325934792003
1.7000000000000002,0.0010651288563159728,0.0005476634226990094,0.000797283932439851,0.0004451453481268005
1.8,0.0012932857401135379,0.000659496690703771,0.0009684128618302628,0.0005385839393185987
1.9000000000000001,0.0015475773988629592,0.0007826430219823966,0.0011592115346428095,0.0006421507061310258
2.0,0.001828098031373113,0.0009168361707684425,0.001369758454106219,0.0007557485929173318
2.1,0.002134727726898222,0.0010617061405077263,0.0015999708454942667,0.0008791893600011442
2.2,0.0024671469137824316,0.0012167908707682385,0.0018496157560464722,0.0010122015399539669
2.3000000000000003,0.0028248515439675027,0.0013815478073786434,0.0021183217514047946,0.0011544385990100556
2.4000000000000004,0.0032071686842964865,0.0015553651833878194,0.0024055909355776284,0.0013054871392741687
2.5,0.003613272255328581,0.0017375728858642686,0.0027108110759222048,0.0014648750125527891
2.6,0.004042198713680498,0.0019274528205002856,0.003033267659099772,0.0016320792453461063
2.7,0.004492862517944775,0.002124248714706046,0.0033721557405169645,0.0018065336980922558
2.8000000000000003,0.004964071252924133,0.0023271753218206685,0.0037265914796026705,0.001987636400920585
2.9000000000000004,0.00545454031513545,0.0025354270061733073,0.004095623278318952,0.0021747565241408977
3.0,0.005962907084332715,0.0027481857012695817,0.004478242460435023,0.002367240954448501
3.1,0.0064877445232592425,0.0029646282427736705,0.004873393445733335,0.0025644204582499094
3.2,0.007027574161700743,0.003183933084795904,0.005279983386915799,0.002765615421916605
3.3000000000000003,0.007580878432230733,0.0034052864130310924,0.005696891248267477,0.002970141165621961
3.4000000000000004,0.008146112333892959,0.00362788767168269,0.006122976314125943,0.0031773128327517086
3.5,0.00872171440727766,0.0038509545234235052,0.006557086122497647,0.0033864498610834924
3.6,0.009306117011152599,0.0040737272636043285,0.0069980638256179955,0.003596880045533822
3.7,0.009897755895373828,0.00429547271064273,0.007444754983652335,0.0038079432045843827
3.8000000000000003,0.010495079069647974,0.004515487595448567,0.007896013801933575,0.0040189944646274785
3.9000000000000004,0.01109655497125353,0.00473310147297334,0.008350708824970746,0.004229407177753053
4.0,0.011700679938560821,0.0049476791793994996,0.008807728103112531,0.004438575489634786
4.1000000000000005,0.01230598500042224,0.005158622858715638,0.00926598384974293,0.004645916574899697
4.2,0.012911041994103204,0.005365373582386495,0.009724416608162033,0.004850872557658773
4.3,0.013514469027080877,0.00556741258592216,0.010181998948440227,0.005052912135082935
4.4,0.01411493530075858,0.005764262146373866,0.010637738715572519,0.005251531922057713
4.5,0.014711165315603545,0.005955486124366184,0.0110906818502591,0.005446257534500531
4.6000000000000005,0.015301942479764805,0.006140690194571107,0.01153991480438913,0.005636644428924171
4.7,0.01588611214454329,0.006319521788178878,0.011984566573117842,0.005822278515296176
4.800000000000001,0.01646258409194358,0.006491669770949341,0.012423810365650332,0.006002776559966054
4.9,0.017030334500546137,0.006656863880019984,0.0128568649364717,0.006177786394823739
5.0,0.017588407417174757,0.006814873942420858,0.01328299559861972,0.00634698694839892
5.1000000000000005,0.018135915762541473,0.006965508897756914,0.013701514940130104,0.006510088113988615
5.2,0.018672041899676323,0.00710861564702045,0.01411178326434866,0.006666830469316604
5.300000000000001,0.019196037794468202,0.007244077748970347,0.014513208774390624,0.006816984861677811
5.4,0.019705944315264425,0.007371080092950865,0.014904245051971089,0.006959769709152911
5.5,0.020199056107278377,0.007488397879623539,0.015282750545939904,0.007094067245192688
5.6000000000000005,0.020672267541220302,0.007594607445108923,0.015646256576233575,0.0072185834937292465
5.7,0.02112232725008994,0.007688237511727168,0.0159921650353925,0.00733196512420569
5.800000000000001,0.0215460225109049,0.007767875200407448,0.016317892149576782,0.007432883348156963
5.9,0.021940309877945433,0.007832237831030745,0.016620970932157524,0.007520092697072696
6.0,0.022302404740166083,0.007880218984268468,0.01689912209042224,0.007592470727923098
6.1000000000000005,0.022629839594741227,0.007910915330422642,0.017150300924844868,0.007649043315039662
6.2,0.022920498610226093,0.007923639218275874,0.017372726045301712,0.007688999115885826
6.300000000000001,0.0231726343389579,0.007917920852658213,0.017564894400452905,0.007711695969902208
6.4,0.023384871115387864,0.007893502994341573,0.017725586089778728,0.007716661350490629
6.5,0.023556198655626037,0.007850330427779646,0.01785386163497718,0.007703588497846501
6.6000000000000005,0.02368595857936481,0.007788535910088479,0.017949053771939134,0.0076723294792264375
6.7,0.023773825960281075,0.007708423904542286,0.018010755349440254,0.007622886129919036
6.800000000000001,0.02381978753120284,0.007610453083795319,0.018038804552002803,0.0075553996013296805
6.9,0.023824117796534348,0.007495218341743351,0.018033268379243406,0.007470139067753019
7.0,0.02378735401186944,0.007363432861528836,0.017994425092835945,0.007367490008305103
7.1000000000000005,0.023710270761844208,0.007215910638660558,0.017922746171016503,0.007247942376342991
7.2,0.023593854687660853,0.007053549742815653,0.01781887817779613,0.00711207888830631
7.300000000000001,0.0234392797746346,0.006877316512376088,0.017683624851092237,0.006960563601884202
7.4,0.023247883499390585,0.006688230806598035,0.017517929634262783,0.006794130905647046
7.5,0.023021144049283983,0.006487352387043574,0.01732285881365261,0.006613575005455076
7.6000000000000005,0.022760658758763614,0.0062757684594651475,0.017099585377161997,0.0064197399648388
7.7,0.022468123853313423,0.006054582376192344,0.01684937367120062,0.006213510334504659
7.800000000000001,0.022145315550669682,0.0058249034765959305,0.016573564905251567,0.00599580238983069
7.9,0.02179407253700372,0.005587838026675765,0.016273563531326737,0.005767555982676607
8.0,0.021416279810682583,0.005344481206885196,0.015950824508332226,0.005529727004115688
8.1,0.02101385386778436,0.00509591008964298,0.015606841448623012,0.005283280447686106
8.200000000000001,0.02058872918930747,0.004843177543020022,0.015243135633957388,0.005029184057343092
8.3,0.020142845980298873,0.0045873069949086045,0.014861245881008456,0.004768402540663508
8.4,0.019678139103965753,0.004329287991329559,0.014462719231069609,0.00450189232512197
8.5,0.019196528149070996,0.004070072483247329,0.0140491024345572,0.004230596833391143
8.6,0.018699908566175857,0.003810571778067331,0.013621934198149948,0.003955442252485199
8.700000000000001,0.0181901438070771,0.003551654094536802,0.01318273816058167,0.0036773337709659973
8.8,0.017669058402030435,0.0032941426629875723,0.012733016562234098,0.003397152258371296
8.9,0.017138431909687318,0.0030388143159165003,0.012274244572719785,0.003115751360885085
9.0,0.01659999367671105,0.002786398517734457,0.011807865240947141,0.002833954987851783
9.1,0.016055418345761362,0.002537576785923517,0.01133528503213765,0.0025525551640966054
9.200000000000001,0.015506322053635172,0.0022929824598207603,0.010857869917327352,0.002272310223991863
9.3,0.014954259263396927,0.002053200776367155,0.010376941981088914,0.0019939433236481133
9.4,0.014400720177499313,0.0018187692157195106,0.009893776514347178,0.00171814124857987
9.5,0.013847128681679597,0.0015901780827391994,0.009409599560028627,0.001445553494980267
9.600000000000001,0.013294840772773018,0.0013678712936210438,0.008925585880677652,0.0011767916038140412
9.700000000000001,0.012745143426505666,0.00115224733972754,0.008442857318285351,0.0009124287278231406
9.8,0.01219925386420576,0.0009436604033007947,0.007962481517729467,0.0006529994124288202
9.9,0.011658319180191282,0.0007424216021455751,0.007485470986424086,0.0003989995724130063
10.0,0.011123416294419385,0.0005488003426667235,0.007012782464061367,0.00015088664719474325
10.100000000000001,0.010595552197605475,0.00036302576269296965,0.006545316577537513,-9.092008161013676e-05
10.200000000000001,0.010075664458559314,0.0001852882474155436,0.006083917757404657,-0.0003260390257744719
10.3,0.009564621966107625,1.5741003623629375e-05,0.005629374393563701,-0.0005541256936750271
10.4,0.009063225879457317,-0.00014549832146838488,0.005182419208932027,-0.0007748719749006514
10.5,0.00857221076506492,-0.0002983459878596255,0.004743729830406287,-0.0009880053195602879
10.600000000000001,0.008092245895999437,-0.00044275048902243686,0.004313929539051482,-0.0011932878239426052
10.700000000000001,0.0076239366956875314,-0.0005786908653628801,0.003893588180952896,-0.0013905152343883038
10.8,0.00716782630830549,-0.0007061750132133716,0.0034832232215757284,-0.0015795158803074496
10.9,0.006724397278335517,-0.0008252379975053273,0.0030833009283254536,-0.0017601495460934419
11.0,0.006294073325986848,-0.000935940373802354,0.002694237665221129,-0.0019323062920763784
11.100000000000001,0.00587722120078146,-0.0010383665279463665,0.0023164012884244215,-0.00209590523170893
11.200000000000001,0.005474152606215211,-0.001132623035345604,0.0019501126257252192,-0.0022508932754785266
11.3,0.005085126181222225,-0.0012188370462087835,0.0015956470296849576,-0.002397243848023022
11.4,0.004710349528020372,-0.0012971547007464945,0.0012532359929552483,-0.0025349555855816524
11.5,0.0043499812769994175,-0.0013677395777426072,0.0009230688148857318,-0.002664051020496056
11.600000000000001,0.00400413318000101,-0.0014307711795129802,0.0006052943093886365,-0.0027845752589067516
11.700000000000001,0.0036728722240852874,-0.0014864434558449512,0.00030002254471620405,-0.0028965946573220065
11.8,0.003356222758891454,-0.0015349633689329175,7.326606283333482e-06,-0.0030001955033949596
11.9,0.0030541686308557213,-0.0015765495012456288,-0.0002727556254691581,-0.003095482705674686
12.0,0.002766655317968495,-0.0016114307080189586,-0.0005402196895155015,-0.0031825784966509276
12.100000000000001,0.0024935920593998147,-0.0016398448156899814,-0.0007950927578532633,-0.0032616211530745844
12.200000000000001,0.0022348539747543274,-0.0016620373673380394,-0.001037431854601484,-0.003332763737163848
12.3,0.0019902841682000916,-0.0016782604159180402,-0.0012673220864071457,-0.0033961728619583747
12.4,0.001759695812904546,-0.0016887713659627709,-0.001484874889473489,-0.0034520274837367064
12.5,0.0015428742115361305,-0.0016938318642419558,-0.0016902262980638633,-0.003500517724095586
12.600000000000001,0.00133957882890412,-0.0016937067396841047,-0.0018835352388950283,-0.0035418437239861174
12.700000000000001,0.001149545293068857,-0.001688662992720614,-0.002064981855430585,-0.0035762145317233254
12.8,0.0009724873615063338,-0.0016789688340714604,-0.002234765865751397,-0.003603847026750236
12.9,0.0008080988491037813,-0.0016648927728889402,-0.0023931049571777074,-0.003624964880605008
13.0,0.000656055514975935,-0.0016467027540643703,-0.0025402332204979244,-0.0036397975563194442
13.100000000000001,0.0005160169052934816,-0.001624665344400806,-0.0026763996263341077,-0.0036485793472557744
13.200000000000001,0.00038762814949536893,-0.0015990449672695529,-0.0028018665458835633,-0.003651548456191008
13.3,0.0002705217074200311,-0.0015701031852962631,-0.002916908318039306,-0.00364894611529486
13.4,0.0001643190651202619,-0.0015380980305158296,-0.003021809864456264,-0.0036410157473689237
13.5,6.863237730901674e-05,-0.0015032833813607993,-0.003116865353898432,-0.003628002168561523
13.600000000000001,-1.6933945335117466e-05,-0.001465908385720851,-0.0032023769168976314,-0.0036101508325791357
13.700000000000001,-9.27817057851047e-05,-0.0014262169293568284,-0.0032786534116247467,-0.0035877071163279753
13.8,-0.00015931744876634228,-0.0013844471488652925,-0.0033460092416331953,-0.0035609156467687614
13.9,-0.00021695104866603374,-0.0013408309882978196,-0.0034047632259170896,-0.0035300196686333424
14.0,-0.0002660943584464585,-0.001295593798512985,-0.003455237521528237,-0.003495260452532541
14.100000000000001,-0.0003071599223344614,-0.001248953979288668,-0.003497756597443991,-0.0034568767420705207
14.200000000000001,-0.0003405597463637809,-0.0012011226592729192,-0.003532646264906349,-0.0034151042424355868
14.3,-0.0003667041366511514,-0.0011523034180706906,-0.0035602327567865644,-0.0033701751454427616
14.4,-0.00038600060104809547,-0.0011026920464942873,-0.0035808418592290377,-0.003322317692369055
14.5,-0.0003988528147302591,-0.0010524763439771797,-0.003594798094800499,-0.0032717557735278497
14.600000000000001,-0.000405659649766429,-0.0010018359519074424,-0.0036024239564808056,-0.0032187085636060354
14.700000000000001,-0.0004068142686154702,-0.0009509422216451477,-0.0036040391916073826,-0.0031633901916678247
14.8,-0.00040270328158874193,-0.0008999581161001476,-0.0035999601345850394,-0.003106009444567453
14.9,-0.00039370596698189847,-0.0008490381430423034,-0.003590499088099401,-0.003046769503074511
15.0,-0.0003801935551940334,-0.0007983283198882746,-0.0035759637501003028,-0.002985867708574371
15.100000000000001,-0.00036252857334552956,-0.000747966166991797,-0.0035566566876703873,-0.0029234953604976664
15.200000000000001,-0.00034106425094042954,-0.0006980807288857135,-0.003532874855291927,-0.0028598375425161345
15.3,-0.00031614398539993056,-0.0006487926219758501,-0.0035049091562750893,-0.002795072976306705
15.4,-0.0002881008661240948,-0.0006002141071560352,-0.0034730440460772655,-0.0027293739016854895
15.5,-0.00025725725566571944,-0.0005524491858375813,-0.003437557176151718,-0.002662905981879359
15.600000000000001,-0.00022392442647444736,-0.0005055937178786318,-0.0033987190769252554,-0.0025958282327007104
15.700000000000001,-0.00018840225155241283,-0.00045973555989534164,-0.003356792878474979,-0.0025282929743946137
15.8,-0.00015097894716799352,-0.0004149547223878416,-0.0033120340675296673,-0.002460445804981054
15.9,-0.00011193086561861477,-0.00037132354408824896,-0.0032646902794576404,-0.0023924255939564948
16.0,-7.15223362879008e-05,-0.0003289068821454626,-0.003215001123585554,-0.0023243644950530842
16.1,-3.0005552994262322e-05,-0.00028776231667424623,-0.0031631980403400805,-0.0022563879768627993
16.2,1.2379494441529259e-05,-0.000247940368213157,-0.0031095041887095895,-0.00218861487015761
16.3,5.540504653646548e-05,-0.0002094847266596803,-0.0030541343625259433,-0.0021211574307593442
16.400000000000002,9.885556056481668e-05,-0.0001724324902788809,-0.0029972949340783444,-0.0020541214168398885
16.5,0.0001425276593095118,-0.0001368144133869589,-0.0029391838236337894,-0.0019876061795888675
16.6,0.00018623004433416046,-0.00010265516139826494,-0.0028799904933658775,-0.0019217047661623037
16.7,0.00022978337598934226,-6.997357195651451e-05,-0.002819895964225902,-0.001856504033863651
16.8,0.00027302012238283153,-3.8782920906852995e-05,-0.0027590728543277457,-0.001792084774549173
16.900000000000002,0.0003157843795366414,-9.091191912021056e-06,-0.0026976854374434938,-0.0017285218482822795
17.0,0.00035793166493654053,1.9098651433452997e-05,-0.0026358897202343225,-0.0016658843252946398
17.1,0.0003993286866936949,4.578839210706068e-05,-0.002573833536893776,-0.001604235635359493
17.2,0.000439853090491661,7.098428583294668e-05,-0.002511656659904819,-0.0015436337237119317
17.3,0.0004793931863790347,9.469678788182836e-05,-0.00244949092560051,-0.0014841312126599286
17.400000000000002,0.0005178476574695263,0.00011694028142184881,-0.0023874603732829632,-0.0014257755680817808
17.5,0.0005551252525601854,0.00013773280828822517,-0.0023256813966918586,-0.0013686092700418392
17.6,0.000591144464621531,0.00015709580298123998,-0.0022642629066539207,-0.001312669986792191
17.7,0.000625833197064559,0.0001750538306508271,-0.0022033065037872536,-0.0012579907514657523
17.8,0.0006591284196796526,0.00019163432979875858,-0.002142906660196827,-0.0012046001408144516
17.900000000000002,0.0006909758159534748,0.00020686736030216593,-0.002083150909094541,-0.0011525224553550983
18.0,0.0007213294234327067,0.0002207853573252074,-0.002024120041331057,-0.0011017779003279014
18.1,0.0007501512687448417,0.0002334228916391133,-0.0019658883078757204,-0.001052382766910938
18.2,0.0007774109988071591,0.00024481643681381116,-0.001908523627321497,-0.001004349613166787
18.3,0.0008030855096808156,0.0002550041436926426,-0.001852087797537527,-0.00095768744423275
18.400000000000002,0.0008271585744890695,0.0002640256225327387,-0.0017966367106680278,-0.0009124018913183687
18.5,0.0008496204716761277,0.00027192173310622736,-0.0017422205706670681,-0.0008684953890755529
18.6,0.0008704676148048105,0.0002787343830097109,-0.001688884112600792,-0.0008259673509379055
18.7,0.000889702185028002,0.0002845063343924651,-0.001636666823005503,-0.0007848143420655801
18.8,0.0009073317672906345,0.00028928101926951015,-0.0015856031606293701,-0.0007450302495599512
18.900000000000002,0.0009233689912413044,0.0002931023635434335,-0.0015357227769277962,-0.0007066064496428239
19.0,0.0009378311777290128,0.00029601461980307425,-0.0014870507357962854,-0.0006695319715653579
19.1,0.0009507399917120925,0.0002980622089453388,-0.0014396077319931144,-0.0006337936579969603
19.200000000000003,0.0009621211023511536,0.00029928957064103594,-0.001393410307679232,-0.0005993763216334281
19.3,0.0009720038509691549,0.0002997410226222731,-0.0013484710665951157,-0.0005662628978212365
19.400000000000002,0.0009804209274904398,0.00029946062873689836,-0.0013047988854326782,-0.0005344345930197235
19.5,0.0009874080559049779,0.00029849207568785613,-0.00126239912199442,-0.0005038710289451915
19.6,0.000993003689361404,0.0002968785584184695,-0.001221273819683737,-0.0004745503822150103
19.700000000000003,0.0009972487155720325,0.00029466267415936386,-0.0011814219078102573,-0.00044644951927617937
19.8,0.001000186172326652,0.0002918863246536495,-0.0011428393978258106,-0.00041954412677522556
19.900000000000002,0.0010018609733461583,0.0002885906263495613,-0.0011055195752663306,-0.0003938088373242194
20.0,0.0010023196449135696,0.00028481582848166793,-0.0010694531868567774,-0.00036921735043190824
20.1,0.0010016100737923722,0.0002806012390131023,-0.0010346286229012073,-0.00034574254876047105
20.200000000000003,0.0009997812660978154,0.00027598515793678585,-0.0010010320941874185,-0.00032335660934402783
20.3,0.0009968831174678424,0.00027100481784689484,-0.0009686478036526399,-0.0003020311100032913
20.400000000000002,0.0009929661946937855,0.0002656963315941835,-0.0009374581127316042,-0.00028173713099747134
20.5,0.0009880815285449663,0.00026009464660881846,-0.0009074437020480473,-0.0002624453518005186
20.6,0.0009822804182233616,0.00025423350589506686,-0.0008785837267415781,-0.00024412614325878987
20.700000000000003,0.0009756142462923266,0.0002481454147990201,-0.0008508559654418013,-0.00022674965463479276
20.8,0.0009681343054562803,0.0002418616141329196,-0.0008242369640792579,-0.0002102858963205417
20.900000000000002,0.0009598916362627606,0.00023541205890804947,-0.0007987021738377303,-0.00019470481789023576
21.0,0.0009509368755716634,0.00022882540240072368,-0.0007742260832393462,-0.0001799763815681005
21.1,0.0009413201156509609,0.0002221289852982709,-0.0007507823444017061,-0.00016607063121284668
21.200000000000003,0.0009310907736936234,0.00021534882964783792,-0.0007283438934901247,-0.0001529577569087693
21.3,0.0009202974715318902,0.00020850963733394138,-0.000706883065404841,-0.0001406081552613327
21.400000000000002,0.0009089879253042166,0.0002016347928117202,-0.0006863717027549929,-0.00012899248550000533
21.5,0.0008972088448131937,0.00019474636982586002,-0.0006667812591854968,-0.00011808172149720371
21.6,0.0008850058423381529,0.00018786514187245894,-0.000648082897167063,-0.00010784719983592178
21.700000000000003,0.0008724233507010141,0.00018101059619148271,-0.0006302475804157712,-9.826066408874534e-05
21.8,0.0008595045501813773,0.0001742009509724679,-0.0006132461609492829,-8.929430537483903e-05
21.900000000000002,0.0008462913039582,0.00016745317551507036,-0.000597049460876325,-8.092079931248498e-05
22.0,0.0008328241017572009,0.00016078301309879062,-0.0005816283490307016,-7.311333949089853e-05
22.1,0.0008191420113752115,0.00015420500632124513,-0.0005669538125682785,-6.584566758673544e-05
22.200000000000003,0.0008052826377486791,0.00014773252467238838,-0.0005529970236520268,-5.9092100252459e-05
22.3,0.0007912820892336687,0.00014137779412120533,-0.0005397294013593904,-5.2827552906659395e-05
22.400000000000002,0.0007771749507903906,0.00013515192851488487,-0.0005271226689847362,-4.702756057632822e-05
22.5,0.000762994263714845,0.00012906496256943236,-0.0005151489068555959,-4.166829590716675e-05
22.6,0.0007487715115681675,0.0001231258862436005,-0.0005037806007937715,-3.672658446283013e-05
22.700000000000003,0.0007345366119646395,0.0001173426803013798,-0.0004929906863663432,-3.217991744009988e-05
22.8,0.0007203179138842532,0.00011172235287842967,-0.00048275258907536886,-2.8006461926833334e-05
22.900000000000002,0.0007061422001756783,0.00010627097687378402,-0.000473040260636362,-2.4185068828039208e-05
23.0,0.0006920346949237532,0.00010099372799951726,-0.0004638282114966141,-2.0695278583967297e-05
23.1,0.0006780190753774484,9.58949233386402e-05,-0.000455091539767061,-1.7517324814861868e-05
23.200000000000003,0.0006641174881288472,9.097806026336142e-05,-0.00044680595672843675,-1.4632136017467702e-05
23.3,0.0006503505692094597,8.624585555678041e-05,-0.0004389478090396493,-1.2021335416773118e-05
23.400000000000002,0.0006367374677966514,8.170028460060676e-05,-0.00043149409779906386,-9.667239088269152e-06
23.5,0.0006232958732342882,7.734262050248626e-05,-0.00042442249460879054,-7.55285246339598e-06
23.6,0.0006100420450768746,7.317347304254911e-05,-0.00041771135479075534,-5.661865328309448e-06
23.700000000000003,0.0005969908458761222,6.919282732785665e-05,-0.00041133972790138526,-3.978645423344404e-06
23.8,0.0005841557764463784,6.540008205599208e-05,-0.00040528736569549526,-2.488230750381067e-06
23.900000000000002,0.0005715490133809586,6.1794087311937e-05,-0.0003995347277023747,-1.1763207013630973e-06
24.0,0.0005591814485307062,5.8373181789026545e-05,-0.0003940629845353847,-2.9266094715856997e-08
24.1,0.0005470627301938563,5.513522934887625e-05,-0.00038885401906972513,9.659417871441017e-07
24.200000000000003,0.0005352013057807112,5.207765484530435e-05,-0.00038389042562297633,1.821683067684855e-06
24.3,0.0005236044657267938,4.919747914422518e-05,-0.00037915550726879484,2.5497219657164424e-06
24.400000000000002,0.0005122783884376966,4.649135327787921e-05,-0.00037463327141271536,3.1612202190578706e-06
24.5,0.0005012281860630771,4.395559168096367e-05,-0.00037030842375136334,3.6667511629611082e-06
24.6,0.0004904579510466871,4.1586204541441243e-05,-0.00036616636064861196,4.076314436092765e-06
24.700000000000003,0.0004799708032746991,3.937892922566589e-05,-0.0003621931600442426,4.399351239600766e-06
24.8,0.0004697689373153862,3.732926054911825e-05,-0.00035837557125223684,4.644759935067745e-06
24.900000000000002,0.0004598536696063677,3.543247987853027e-05,-0.00035470100374097754,4.8209119246780324e-06
25.0,0.0004502254855922632,3.368368313333593e-05,-0.0003511575148756711,4.935667823418799e-06
25.1,0.00044088408664705433,3.207780765454499e-05,-0.0003477337966920339,4.996393881462486e-06
25.200000000000003,0.00043182843678022417,3.060965800283382e-05,-0.00034441916187872066,5.009978551521054e-06
25.3,0.00042305680879889846,2.9273930557713184e-05,-0.000341203528877562,4.982849255047393e-06
25.400000000000002,0.00041456682991041605,2.806523697055811e-05,-0.00033807740637528623,4.920989186877677e-06
25.5,0.0004063555267009629,2.6978126493780106e-05,-0.000335031877282447,4.829954104529633e-06
25.6,0.0003984193692378602,2.600710709839813e-05,-0.0003320585821650945,4.714889125071682e-06
25.700000000000003,0.0003907543144922,2.514666555095941e-05,-0.0003291497024356316,4.580545352972532e-06
25.8,0.0003833558483412749,2.4391286078158454e-05,-0.00032629794282294143,4.431296624510457e-06
25.900000000000002,0.0003762190269477898,2.3735468136996536e-05,-0.00032349651392537946,4.271155899917959e-06
26.0,0.0003693385169831646,2.3173743029957278e-05,-0.00032073911452459674,4.103791499311284e-06
26.1,0.0003627086346318451,2.270068938080239e-05,-0.00031801991372095253,3.932543151597842e-06
26.200000000000003,0.0003563233833484789,2.2310947504776825e-05,-0.0003153335329688446,3.760437815876684e-06
26.3,0.00035017649032333207,2.1999232695445873e-05,-0.0003126750280684465,3.5902052481419275e-06
26.400000000000002,0.0003442614416185763,2.1760347452625643e-05,-0.0003100398711664583,3.424293288600998e-06
26.5,0.00033857151594354946,2.1589192677027768e-05,-0.0003074239328154042,3.2648828472109006e-06
26.6,0.00033309981704406305,2.1480777859431578e-05,-0.00030482346413684665,3.1139025676005117e-06
26.700000000000003,0.0003278393046895984,2.143023029534674e-05,-0.0003022350791340983,2.9730431498220322e-06
26.8,0.0003227828243087583,2.1432803391889125e-05,-0.0002996557372493277,2.843771283680558e-06
26.900000000000002,0.00031792313523473315,2.1483884080198674e-05,-0.00029708272617536555,2.7273431944165483e-06
27.0,0.0003132529375273725,2.1578999347683354e-05,-0.0002945136449305078,2.624817803704242e-06
27.1,0.00030876489737336057,2.171382192387411e-05,-0.00029194638722560587,2.5370694967352912e-06
27.200000000000003,0.000304451671066836,2.1884175151236904e-05,-0.0002893791251490694,2.4648004878380945e-06
27.3,0.00030030592758067986,2.2086037076029233e-05,-0.0002868102931937877,2.4085527786092082e-06
27.400000000000002,0.00029632036973957287,2.2315543792108686e-05,-0.00028423857264682153,2.368719704192631e-06
27.5,0.00029248775401553514,2.256899207483416e-05,-0.0002816628763639806,2.3455570626334815e-06
27.6,0.0002888009089834175,2.2842841349596243e-05,-0.0002790823339683134,2.339193812143934e-06
27.700000000000003,0.00028525275244517225,2.3133715021398637e-05,-0.0002764962774685989,2.349642346827715e-06
27.8,0.0002818363072431019,2.343840119660922e-05,-0.0002739042273053997,2.376808354035926e-06
27.900000000000002,0.0002785447157910147,2.3753852831906035e-05,-0.0002713058788340429,2.420500255690159e-06
28.0,0.0002753712533534533,2.407718734406264e-05,-0.0002687010892524795,2.4804382362849137e-06
28.1,0.00027230934010550033,2.4405685714377692e-05,-0.00026608986498036517,2.5562628615026783e-06
28.200000000000003,0.0002693525520083154,2.4736791121351035e-05,-0.0002634723494938285,2.647543292053706e-06
28.3,0.0002664946260250063,2.506810456122318e-05,-0.0002608488081123738,2.753787146990519e-06
28.400000000000002,0.00026372947554647837,2.5397386609064093e-05,-0.0002582196220298056,2.8744448115503363e-06
28.5,0.00026105119722884555,2.57225543747738e-05,-0.00025558527700488747,3.0089167941350457e-06
28.6,0.00025845407696119797,2.6041678224060647e-05,-0.0002529463526322289,3.156560628939276e-06
28.700000000000003,0.0002559325949881271,2.6352978280927337e-05,-0.000250303512178722,3.3166973402999933e-06
28.8,0.00025348143021417153,2.66548207290558e-05,-0.00024765749297156594,3.488617484436503e-06
28.900000000000002,0.00025109546371645055,2.6945713928170312e-05,-0.0002450090973223161,3.6715867850202597e-06
29.0,0.00024876978149584674,2.722430436333635e-05,-0.00024235918397271365,3.864851377313157e-06
29.1,0.00024649967643907355,2.748937241153818e-05,-0.00023970866001957447,4.067642692923483e-06
29.200000000000003,0.00024428064951201447,2.773982793740878e-05,-0.00023705847329898893,4.279182002175955e-06
29.3,0.00024210841030366753,2.7974705786718068e-05,-0.00023440960525273276,4.498684606987791e-06
29.400000000000002,0.00023997887694493923,2.8193161188643392e-05,-0.00023176306425324282,4.7253637033889404e-06
29.5,0.00023788817531989292,2.8394465017574495e-05,-0.00022911987920994534,4.958434022888316e-06
29.6,0.0002358326376885246,2.857799898134766e-05,-0.00022648109356140355,5.197115195524986e-06
29.700000000000003,0.00023380880081083386,2.874325078386312e-05,-0.00022384775971444419,5.440634803198851e-06
29.8,0.0002318134035712629,2.8889809256940838e-05,-0.00022122093387807215,5.688231158935847e-06
29.900000000000002,0.0002298433840212913,2.901735940982242e-05,-0.00021860167115362943,5.9391558975449965e-06
30.0,0.000227895876019819,2.9125677496243737e-05,-0.00021599102102129661,6.192676298813731e-06
30.1,0.00022596820552343107,2.921462612275903e-05,-0.00021339002322705858,6.448077345151604e-06
30.200000000000003,0.00022405788648977113,2.928414937048426e-05,-0.0002107997040026508,6.704663557427328e-06
30.3,0.0002221626216489435,2.933427092157607e-05,-0.00020822106866673178,6.9617629212923785e-06
30.400000000000002,0.000221258569577142,2.9922983744872007e-05,-0.00020492880254788232,7.643083243160755e-06
30.5,0.00022300150515689953,3.197602292586548e-05,-0.00019969045232349323,9.462326421491127e-06
30.6,0.00022948974466754097,3.663897172973127e-05,-0.00019094098033009833,1.331688739060274e-05
30.700000000000003,0.000243077600460959,4.516365991153673e-05,-0.00017692072719416348,2.020451437759086e-05
30.8,0.0002662300832759884,5.8822264773367314e-05,-0.00015578342468891505,3.115871212570255e-05
30.900000000000002,0.0003014111792475856,7.884370278148248e-05,-0.00012567974627010844,4.719941166640391e-05
31.0,0.00035099936885128475,0.00010636786809264862,-8.482092094030064e-05,6.929604342586776e-05
31.1,0.00041722515126024355,0.00014241406294584525,-3.1526153056710964e-05,9.834064782227127e-05
31.200000000000003,0.0005021262774109058,0.0001878606337779673,3.574307821735021e-05,0.0001351290801630297
31.3,0.0006075171574381679,0.00024343337036384776,0.00011835930449373992,0.0001803487069667067
31.400000000000002,0.0007349695446521997,0.0003097006780118736,0.00021751385054798842,0.00023457127337789797
31.5,0.0008858021330981006,0.00038707391213563925,0.0003342083997606716,0.0002982498579948553
31.6,0.0010610771432801583,0.00047581157538499586,0.0004692519341089442,0.0003717190248483233
31.700000000000003,0.0012616023321716944,0.0005760263343513408,0.0006232618923895388,0.00045519744244250674
31.8,0.0014879371655856417,0.0006876940266988218,0.0007966686017597311,0.000548792374240072
31.900000000000002,0.0017404021342993258,0.0008106640022729224,0.0009897222086994683,0.0006525055542328872
32.0,0.0020190903954473587,0.0009446702833764819,0.0012025014774260524,0.0007662400521441707
32.1,0.002323881084485979,0.0010893431448587918,0.0014349239413782432,0.000889807808298238
32.2,0.002654453776078623,0.0012442208079628263,0.0016867569903816681,0.001022937580610141
32.300000000000004,0.0030103036787843557,0.0014087610161694505,0.001957629555237981,0.001165283097212056
32.4,0.0033907572346888342,0.0015823523207820552,0.0022470441170158112,0.0013164312505599702
32.5,0.003794987864737782,0.0017643249513226574,0.0025543888226024387,0.0014759102039137674
32.6,0.004222031655825466,0.0019539611827475477,0.0028789495324731016,0.0016431973097458773
32.7,0.004670802829580139,0.0021505051401252977,0.0032199216630399816,0.0018177267630945537
32.800000000000004,0.005140108867852936,0.0023531720035756135,0.0035764217160225886,0.001998896932181532
32.9,0.005628665197839395,0.0025611565932007413,0.003947498412088485,0.0021860773244398255
33.0,0.006135109361724511,0.0027736413263779246,0.0043321433662460345,0.0023786151589085523
33.1,0.006658014613178263,0.002989803549159518,0.00472930125907821,0.002575841526355295
33.2,0.007195902896961881,0.0032088222504061004,0.0051378794715524305,0.002777077126915452
33.300000000000004,0.007747257179079318,0.003429884172228185,0.005556757162314064,0.0029816375818164592
33.4,0.0083105331039224,0.003652189333793774,0.005984793775482567,0.003188838321159729
33.5,0.008884169962209124,0.0038749559879514913,0.006420836974368269,0.0033979990539987097
33.6,0.009466600959395981,0.004097425031607185,0.0068637300023672845,0.0036084478301950124
33.7,0.0100562627800704,0.004318863892240907,0.007312318477645313,0.0038195247064044704
33.800000000000004,0.010651604447632631,0.0045385699132684315,0.00776545663164496,0.004030585030219204
33.9,0.011251095482920333,0.004755873261648399,0.008222013004902969,0.004241002358131979
34.0,0.011853233368367518,0.004970139381104838,0.008680875615730685,0.004450171023783737
34.1,0.012456550327876653,0.005180771014772462,0.009140956619575287,0.004657508373841227
34.2,0.01305961943538212,0.005387209821148053,0.009601196478321366,0.004862456689241404
34.300000000000004,0.013661060067446135,0.005588937607154654,0.01006056765971754,0.005064484809622781
34.4,0.014259542717750507,0.005785477202234682,0.010518077888011618,0.005263089478832585
34.5,0.014853793193540184,0.005976392997392683,0.010972772967437802,0.005457796429275542
34.6,0.015442596215813635,0.006161291172930878,0.011423739200359233,0.005648161222525084
34.7,0.016024798446875894,0.006339819638564231,0.011870105422065137,0.005833769863307127
34.800000000000004,0.01659931097029261,0.006511667709377117,0.012311044674134792,0.00601423920350848
34.9,0.017165111249722278,0.006676565540924686,0.012745775538236463,0.006189217152445967
35.0,0.01772124459396885,0.006834283346339375,0.013173563151816848,0.00635838270902153
35.1,0.018266825156618254,0.00698463041799464,0.013593719926915784,0.006521445830909549
35.2,0.01880103649902378,0.0071274539756488306,0.014005605992744998,0.006678147155245655
35.300000000000004,0.019323131744526524,0.00726263786166532,0.014408629381161202,0.006828257584100495
35.4,0.01983115264649442,0.00738936699201879,0.014801243743623394,0.006970995835226246
35.5,0.020322394606673875,0.007506416463586153,0.015181307711633086,0.007105244568400567
35.6,0.02079375271455286,0.0076123624598190415,0.015546352813985491,0.007229710278641564
35.7,0.021241976340360725,0.007705733553009337,0.015893781124934527,0.007343040097911643
35.800000000000004,0.021663853543615365,0.007785116744245174,0.016221008992013362,0.007443905656914835
35.9,0.0220563417123375,0.007849229274564778,0.016525569470404115,0.007531061841370644
36.0,0.02241665712044285,0.007896964691110507,0.016805183226581893,0.007603386489096191
36.1,0.022742333192258667,0.00792741967310904,0.017057805441135485,0.007659905679986664
36.2,0.023031255050248032,0.007939906613028631,0.017281654531942713,0.007699808203812451
36.300000000000004,0.023281676210599428,0.007933955785111732,0.0174752271941033,0.007722451964567129
36.4,0.023492221963854025,0.007909310035516594,0.017637303223778662,0.007727364439638503
36.5,0.0236618829583082,0.007865914241227952,0.017766942802696868,0.00771423882123139
36.6,0.023790001707038624,0.007803901251046477,0.0178634783030056,0.007682927085499299
36.7,0.023876254124887038,0.007723575612115427,0.017926502197967032,0.007633430942110074
36.800000000000004,0.02392062772256963,0.007625396067706357,0.017955852296159362,0.007565891390663262
36.9,0.023923397709824525,0.007509957564801595,0.017951595230792174,0.007480577435033146
37.0,0.02388510196797381,0.007377973319191712,0.017914008915550908,0.0073778743722219195
37.1,0.023806515622692977,0.007230257336847737,0.017843564506747244,0.007258271967925131
37.2,0.02368862576816883,0.007067707674931408,0.017740908278877598,0.007122352750683493
37.300000000000004,0.023532606752982615,0.006891290636433747,0.01760684371798002,0.006970780594617463
37.4,0.023339796327030867,0.006702026023108097,0.017442314057246378,0.006804289712862186
37.5,0.023111672861957644,0.006500973518231401,0.01724838541765626,0.006623674147106437
37.6,0.022849833789350567,0.006289220230081498,0.017026230668510545,0.006429777810355117
37.7,0.02255597534760728,0.006067869396322746,0.016777114085683734,0.006223485118342691
37.800000000000004,0.02223187368682004,0.005838030226656253,0.016502376856765692,0.006005712228434678
37.9,0.021879367349316604,0.005600808844748057,0.01620342346055091,0.005777398892451819
38.0,0.021500341117957174,0.005357300278252408,0.015881708930676537,0.005539500919901262
38.1,0.021096711206319133,0.005108581438370626,0.015538727000831512,0.005292983241303976
38.2,0.020670411751001747,0.004855705025623066,0.015175999119143092,0.005038813556039518
38.300000000000004,0.020223382555957924,0.00459969429597187,0.01479506431179008,0.00477795654519947
38.400000000000006,0.01975755803192025,0.004341538620974421,0.01439746987060938,0.0045113686273497815
38.5,0.019274857268822502,0.0040821897761279214,0.013984762835088652,0.004239993233033319
38.6,0.018777175177009654,0.003822558893743466,0.013558482236864743,0.0039647565730020744
38.7,0.018266374631545734,0.0035635140190733786,0.013120152072795209,0.003686563874430903
38.800000000000004,0.017744279554225837,0.0033058782116625707,0.012671274971832536,0.003406296059323378
38.900000000000006,0.017212668868172576,0.0030504281369137225,0.012213326519913708,0.003124806839144579
39.0,0.016673271261706046,0.002797893096557109,0.011747750207177731,0.0028429202001777148
39.1,0.016127760700506796,0.002548954450480588,0.011275952962287826,0.0025614282547506617
39.2,0.01557775262947895,0.0023042453859318745,0.010799301239110807,0.002281089434107058
39.300000000000004,0.015024800808362585,0.0020643509935771203,0.010319117621686226,0.0020026269994193636
39.400000000000006,0.014470394728169017,0.0018298086133700054,0.009836677914434025,0.0017267278483392222
39.5,0.013915957558196655,0.0016011084162386882,0.009353208685330369,0.0014540415952137727
39.6,0.013362844576690316,0.0013786941908165555,0.008869885231127176,0.001185179904143221
39.7,0.012812342041226443,0.0011629643073022863,0.008387829934879333,0.0009207160549859519
39.800000000000004,0.012265666457738297,0.0009542728331128928,0.00790811098715853,0.0006611847232837863
39.900000000000006,0.011723964210080758,0.0007529307775109294,0.007431741443659778,0.00040708195605528914
40.0,0.011188311514649735,0.0005592074445490288,0.006959678593018501,0.00015886532623425367
40.1,0.010659714667334315,0.000373331875805799,0.006492823609984276,-8.30457505255545e-05
40.2,0.010139110552548278,0.00019549436624012614,0.006032021470279042,-0.0003182695521158731
40.300000000000004,0.009627367386513408,2.584803822982353e-05,0.0055780611046944905,-0.0005464614538893584
40.400000000000006,0.009125285669215893,-0.0001354895395793884,0.005131675771156857,-0.0007673132139895901
40.5,0.008633599321519317,-0.0002884347006003202,0.004693543624606424,-0.0009805521530881728
40.6,0.008152976986018693,-0.0004329360064326281,0.004264288465739252,-0.001185940240708191
40.7,0.007684023471534038,-0.000568972560559787,0.0038444806507939525,-0.0013832730995472844
40.800000000000004,0.007227281324615978,-0.0006965523172944032,0.003434638144695604,-0.0015723789390505122
40.900000000000006,0.006783232509436279,-0.0008157103947960681,0.0030352277029118335,-0.001753117427589443
41.0,0.006352300182469739,-0.000926507398001301,0.0026466661662545585,-0.0019253785132022038
41.1,0.005934850548539738,-0.0010290277572308846,0.0022693218543573196,-0.002089081201881023
41.2,0.005531194784838096,-0.0011233780882213093,0.0019035160453075067,-0.0022441723012830233
41.300000000000004,0.0051415910230024585,-0.0012096855773044638,0.0015495245280200073,-0.0023906251382070053
41.400000000000006,0.004766246375507548,-0.0012880963977078986,0.0012075792183881859,-0.002528438255465453
41.5,0.004405319001453209,-0.0013587741577872471,0.0008778698249886788,-0.0026576340968580366
41.6,0.004058920200556162,-0.0014218983857324204,0.0005605455562477034,-0.002778257685224806
41.7,0.003727116527448023,-0.0014776630533363739,0.00025571685971222146,-0.0028903752992644163
41.800000000000004,0.0034099319191301615,-0.001526275140988946,-3.6542815343563685e-05,-0.002994073154395875
41.900000000000006,0.0031073498289274394,-0.00156795324577993,-0.00031619524002560287,-0.003089456092457455
42.0,0.0028193153608132675,-0.001602926234291338,-0.0005832356200906498,-0.003176646284625883
42.1,0.002545737398562912,-0.0016314319413213802,-0.0008376908093319975,-0.0032557819515905005
42.2,0.0022864907248181456,-0.0016537159154234834,-0.001079617528622586,-0.003327016104722068
42.300000000000004,0.0020414181249200883,-0.0016700302122778993,-0.0013091005962401214,-0.003390515311381126
42.400000000000006,0.0018103324709648995,-0.0016806322365611778,-0.0015262511747760994,-0.0034464584872740288
42.5,0.0015930187818779039,-0.0016857836327802906,-0.0017312050394870963,-0.0034950357184572317
42.6,0.0013892362555845718,-0.001685749225376118,-0.0019241208725059803,-0.003536447115286794
42.7,0.0011987202697092668,-0.0016807960082001713,-0.002105178586945205,-0.0035709017003419143
42.800000000000004,0.001021184347344271,-0.0016711921834114223,-0.0022745776844865064,-0.003598616332054047
42.900000000000006,0.0008563220846351738,-0.0016572062497291335,-0.0024325356496705435,-0.003619814665513663
43.0,0.0007038090371748626,-0.0016391061398467856,-0.0025792863837573753,-0.0036347261516918496
43.1,0.0005633045624000349,-0.0016171584067097029,-0.0027150786806930537,-0.0036435850760869193
43.2,0.00043445361538783304,-0.0015916274582608784,-0.0028401747474245775,-0.003646629637606523
43.300000000000004,0.0003168884956567731,-0.0015627748401623768,-0.002954848770531866,-0.003644101068310974
43.400000000000006,0.00021023054267589735,-0.0015308585659695336,-0.0030593855307515187,-0.0036362427943901986
43.5,0.00011409177800126668,-0.0014961324941398734,-0.003154079066750257,-0.0036232996386023116
43.6,2.8076492141481807e-05,-0.001458845751187664,-0.003239231389257003,-0.0036055170642405954
43.7,-4.821722556927679e-05,-0.0014192422002305737,-0.0033151512464292725,-0.00358314046054688
43.800000000000004,-0.00011519601563382331,-0.001377559954113361,-0.003382152941192956,-0.003556414469400288
43.900000000000006,-0.00017326983694856637,-0.0013340309322315402,-0.0034405552009697427,-0.0035255823529124516
44.0,-0.0002228506164283415,-0.0012888804601197512,-0.0034906801000028987,-0.0034908854014375113
44.1,-0.0002643509606876716,-0.0012423269108129617,-0.003532852034338049,-0.003452562381414644
44.2,-0.0002981829305072811,-0.0011945813868930125,-0.003567396749332363,-0.0034108490223548837
44.300000000000004,-0.000324756878720571,-0.0011458474421358596,-0.0035946404194257845,-0.0033659775422061255
44.400000000000006,-0.0003444803519851769,-0.0010963208416341521,-0.0036149087797665326,-0.0033181762102537453
44.5,-0.00035775705668685036,-0.0010461893592038397,-0.0036285263091421433,-0.0032676689466395103
44.6,-0.0003649858889644495,-0.0009956326107959765,-0.003635815463532109,-0.003214674957512549
44.7,-0.0003665600287457449,-0.0009448219226417824,-0.00363709595949706,-0.00315940840477863
44.800000000000004,-0.00036286609752902977,-0.0008939202328328397,-0.003632684106521109,-0.003102078109370022
44.900000000000006,-0.0003542833831095176,-0.0008430820270768912,-0.003622892184245367,-0.0030428872851072956
45.0,-0.00034118311693997463,-0.0007924532993733367,-0.0036080278750222784,-0.0029820333087738787
45.1,-0.00032392782104733375,-0.0007421715465106317,-0.0035883937358333748,-0.002919707516450355
45.2,-0.0003028707152502503,-0.0006923657900515597,-0.0035642867152211643,-0.0028560950289910135
45.300000000000004,-0.00027835518361564866,-0.0006431566243875779,-0.003535997713910449,-0.0027913746053869347
45.400000000000006,-0.0002507142992702615,-0.0005946562896075327,-0.0035038111875884408,-0.0027257185226593505
45.5,-0.00022027040606333343,-0.0005469687676279775,-0.0034680047905027767,-0.00265929248106061
45.6,-0.00018733475541719355,-0.0005001899000069583,-0.0034288490584870324,-0.002592255533351471
45.7,-0.00015220719734535877,-0.00045440752629466495,-0.00338660712942616,-0.0025247600365944536
45.800000000000004,-0.00011517592332648044,-0.00040970164108720285,-0.0033415345001915494,-0.002456951625525175
45.900000000000006,-7.651725888294069e-05,-0.0003661445681133749,-0.0032938788188337322,-0.0023889692064386282
46.0,-3.649550593982393e-05,-0.0003238011510190633,-0.003243879708761279,-0.0023209449693399613
46.1,4.637170047739669e-06,-0.0002827289576310628,-0.0031917686260615427,-0.002253004418739279
46.2,4.664080859848403e-05,-0.00024297849722982663,-0.003137768747005869,-0.002185266421057824
46.300000000000004,8.928768046142508e-05,-0.00020459344939898,-0.0030820948842379607,-0.0021178432674996955
46.400000000000006,0.00013236227389661057,-0.00016761090298674403,-0.0030249534302312538,-0.0020508407513145457
46.5,0.000175661243186279,-0.00013206160380592734,-0.0029665423265421076,-0.0019843582583609974
46.6,0.00021899332160295657,-9.797020973693424e-05,-0.002907051057399306,-0.0019184888699082237
46.7,0.00026217920107217055,-6.535555193952178e-05,-0.0028466606661888333,-0.0018533194766422296
46.800000000000004,0.0003050513807774444,-3.423090091877311e-05,-0.002785543793425147,-0.0017889309028809887
46.900000000000006,0.0003474539871482288,-4.604236123886899e-06,-0.002723864735027991,-0.0017253980401531449
47.0,0.00038924256733927857,2.3521482006812756e-05,-0.0026617795194331705,-0.001662789989140274
47.1,0.0004302838583053557,5.014803860313972e-05,-0.0025994360021110766,-0.001601170209026728
47.2,0.0004704555336171734,7.528169056029382e-05,-0.0025369739761779107,-0.0015405966733825125
47.300000000000004,0.000509645930127211,9.893289335944727e-05,-0.002474525297818339,-0.0014811220317398537
47.400000000000006,0.0005477537565484503,0.00012111602943812136,-0.002412214025274358,-0.0014227937760598788
47.5,0.0005846877859213725,0.0001418491389581085,-0.002350156570231063,-0.00136565441134337
47.6,0.0006203665336567535,0.00016115365362963458,-0.0022884618607255237,-0.001309741629826113
47.7,0.0006547179233436241,0.0001790541345181642,-0.002227231514179226,-0.001255088487901067
47.800000000000004,0.0006876789427501072,0.00019557801486858235,-0.0021665600189289154,-0.00120172358479249
47.900000000000006,0.0007191952913097488,0.00021075534830423604,-0.002106534923601199,-0.001149671242590132
48.0,0.0007492210204951943,0.00022461856281362583,-0.0020472370334157857,-0.0010989516871061464
48.1,0.0007777181691052667,0.00023720222128579188,-0.0019887406126992933,-0.001049581229141323
48.2,0.000804656394271782,0.0002485427886395888,-0.00193111359228968,-0.0010015724454030346
48.300000000000004,0.0008300126002662669,0.0002586784063236415,-0.0018744177811483914,-0.0009549343587008101
48.400000000000006,0.0008537705664813224,0.00026764867454135815,-0.0018187090814110653,-0.0009096726170019418
48.5,0.000875920575613874,0.0002754944423518794,-0.0017640377058600121,-0.0008657896707908464
48.6,0.0008964590436666414,0.0002822576061361335,-0.0017104483973978035,-0.0008232849485332986
48.7,0.0009153881520653502,0.00028798091615527124,-0.0016579806491566237,-0.0007821550294976761
48.800000000000004,0.0009327154841355124,0.0002927077920564903,-0.0016066689254927425,-0.0007423938141400819
48.900000000000006,0.000948453666165331,0.0002964821470078684,-0.0015565428826441548,-0.0007039926913973891
49.0,0.0009626200140218965,0.00029934822058585585,-0.0015076275885142186,-0.0006669407026423619
49.1,0.0009752361861663256,0.000301350420473218,-0.0014599437410424648,-0.0006312247020572832
49.2,0.000986327843825035,0.0003025331729806314,-0.0014135078846519483,-0.0005968295132025959
49.300000000000004,0.00099592431900238,0.00030294078237134606,-0.0013683326242987183,-0.0005637380815810147
49.400000000000006,0.0010040582909516095,0.00030261729893836086,-0.001324426836686704,-0.000531931623022631
49.5,0.0010107654717121377,0.00030160639578756337,-0.0012817958782889666,-0.0005013897677634374
49.6,0.0010160843013030817,0.0002999512542796517,-0.0012404417898853087,-0.00047209070013239253
49.7,0.0010200556528571212,0.0002976944579183417,-0.0012003634971848556,-0.0004440112936793902
49.800000000000004,0.0010227225480409275,0.00029487789452270274,-0.001161557007222289,-0.00041712724164919246
49.900000000000006,0.0010241298830598218,0.0002915426665070576,-0.0011240156002529896,-0.00039141318272865644
50.0,0.0010243241654873054,0.0002877290090723664,-0.001087730016901146,-0.0003668428220113524
50.1,0.0010233532621095878,0.000283476216098244,-0.001052688640345147,-0.00034338904714217996
50.2,0.0010212661579678884,0.0002788225735347782,-0.001018877673368849,-0.00032102403963005384
50.300000000000004,0.0010181127267000617,0.00027380530006007516,-0.00098628131012053,-0.0002997193813239079
50.400000000000006,0.0010139435121932089,0.0002684604947334409,-0.0009548819024254444,-0.0002794461560493268
50.5,0.0010088095215535604,0.00026282309138571743,-0.0009246601205375032,-0.00026017504642544874
50.6,0.0010027620293634823,0.0002569268194831164,-0.0008955951082399497,-0.00024187642589505124
50.7,0.0009958523931587544,0.0002508041711940013,-0.0008676646322250706,-0.00022452044601141752
50.800000000000004,0.000988131880029847,0.00024448637438661874,-0.0008408452257058419,-0.00020807711903751745
50.900000000000006,0.0009796515042569548,0.00023800337130327546,-0.0008151123262597202,-0.00019251639593922048
51.0,0.0009704618758047329,0.00023138380262230723,-0.0007904404078810286,-0.0001778082398384682
51.1,0.000960613059474195,0.0002246549966176262,-0.0007668031072341919,-0.0001639226949999628
51.2,0.0009501544445039131,0.0002178429631364686,-0.0007441733441293025,-0.00015082995144014913
51.300000000000004,0.0009391346243916728,0.0002109723921180687,-0.0007225234362548185,-0.00013850040525326484
51.400000000000006,0.0009276012866887329,0.00020406665637797165,-0.0007018252082177874,-0.0001269047147562008
51.5,0.000915601112498269,0.00019714781838394514,-0.0006820500949660967,-0.00011601385256555697
51.6,0.0009031796853812691,0.0001902366407458484,-0.0006631692397419917,-0.00010579915376248328
51.7,0.0008903814093914452,0.00018335260016473832,-0.0006451535865942277,-9.623236022560925e-05
51.800000000000004,0.0008772494359392721,0.00017651390458534806,-0.0006279739675268608,-8.728566124144383e-05
51.900000000000006,0.0008638255991732876,0.00016973751330048628,-0.0006116011843865312,-7.893173051238689e-05
52.0,0.0008501503595582194,0.0001630391597617161,-0.0005960060855976301,-7.114375968505974e-05
52.1,0.0008362627553228796,0.00015643337685686777,-0.0005811596378637082,-6.38954885245503e-05
52.2,0.000822200361526901,0.0001499335244685832,-0.000567032992905682,-5.71612318296802e-05
52.300000000000004,0.0008079992566651235,0.00014355181923217844,-0.000553597549196382,-5.091590311779812e-05
52.400000000000006,0.0007936939960994317,0.00013729936605629892,-0.0005408250091059526,-4.5135035372485005e-05
52.5,0.0007793175917288553,0.0001311861910546983,-0.0005286874317902389,-3.979479909453015e-05
52.6,0.000764901497839469,0.00012522127585383694,-0.0005171572817452881,-3.487201765364448e-05
52.7,0.0007504756028145467,0.00011941259309276078,-0.0005062074731149911,-3.034418003392408e-05
52.800000000000004,0.0007360682265044227,0.00011376714300653433,-0.0004958114099765406,-2.6189451144529076e-05
52.900000000000006,0.0007217061227010513,0.00010829099078602608,-0.00048594302256486514,-2.2386679710364726e-05
53.0,0.000707414486541326,0.00010298930463373706,-0.00047657679981730786,-1.891540400215918e-05
53.1,0.0006932169665037983,9.786639434678269e-05,-0.0004676878183555734,-1.5755855507133956e-05
53.2,0.000679135680567867,9.29257502093251e-05,-0.0004592517679664538,-1.2888960606973407e-05
53.300000000000004,0.0006651912364571283,8.81700821848062e-05,-0.00045124497391997825,-1.0296340490216111e-05
53.400000000000006,0.0006514027551582002,8.360135898132266e-05,-0.00044364441584809325,-7.960309163791139e-06
53.5,0.0006377878981335973,7.922084727799656e-05,-0.00043642774394360667,-5.863870034604514e-06
53.6,0.0006243628974901896,7.502915072872084e-05,-0.0004295732922513071,-3.9907109487225565e-06
53.7,0.0006111425888567729,7.102624865312293e-05,-0.0004230600892274173,-2.325197812947229e-06
53.800000000000004,0.0005981404467114883,6.72115343193777e-05,-0.0004168678657236022,-8.52366909761542e-07
53.900000000000006,0.0005853686218968831,6.35838527240096e-05,-0.00041097706053969357,4.4208399211479777e-07
54.0,0.000572837981069463,6.014153778092335e-05,-0.00040536882368840185,1.5718056312908988e-06
54.1,0.0005605581478414512,5.688244884026814e-05,-0.0004000250175113667,2.5498082556546228e-06
54.2,0.0005485375453801609,5.3804006463257015e-05,-0.00039492821578339415,3.3884735393741612e-06
54.300000000000004,0.0005367834403012134,5.090322742109148e-05,-0.00039006170099130204,4.099567294595171e-06
54.400000000000006,0.0005253019876553304,4.817675886456918e-05,-0.0003854094599313869,4.6942528838800075e-06
54.5,0.0005140982767421371,4.562091157403699e-05,-0.0003809561776961895,5.183105284029049e-06
54.6,0.000503176377553788,4.3231692240646566e-05,-0.00037668723017073334,5.576125723608535e-06
54.7,0.0004925393876616232,4.100483473602209e-05,-0.0003725886751556523,5.882756819335594e-06
54.800000000000004,0.00048218947936822594,3.8935830332684905e-05,-0.0003686472422296311,6.111898140789953e-06
54.900000000000006,0.0004721279469585388,3.7019956844078795e-05,-0.0003648503214609869,6.271922135449998e-06
55.0,0.0004623552538972744,3.525230666045218e-05,-0.0003611859510795508,6.370690345998362e-06
55.1,0.00045287107984645885,3.362781367122268e-05,-0.00035764280423959135,6.415569842124567e-06
55.2,0.0004436743673474981,3.214127904679808e-05,-0.0003542101749467095,6.413449823306923e-06
55.300000000000004,0.00043476336803461495,3.0787395865104804e-05,-0.00035087796323645217,6.370758341545686e-06
55.400000000000006,0.00042613568826085435,2.9560772575434926e-05,-0.000347636659693487,6.293479092816178e-06
55.5,0.0004177883340257527,2.8455955295651087e-05,-0.0003444773293960179,6.1871682294987886e-06
55.6,0.0004097177551033096,2.746744894287144e-05,-0.00034139159536676324,6.056971148564399e-06
55.7,0.0004019198809592874,2.6589733027113475e-05,-0.00033837161598243587,5.907642499394924e-06
55.800000000000004,0.0003943901739097354,2.581728682983994e-05,-0.0003354100760043292,5.743557879691655e-06
55.900000000000006,0.00038712366924962204,2.514460637674347e-05,-0.00033250016820835973,5.568730794404877e-06
56.0,0.00038011501449570817,2.456622043980083e-05,-0.0003296355749816915,5.3868293296246595e-06
56.1,0.00037335850766020355,2.407670556549386e-05,-0.0003268104499301006,5.2011925222293274e-06
56.2,0.00036684813447893414,2.367070012910409e-05,-0.0003240193995402105,5.014846406500385e-06
56.300000000000004,0.00036057760452736523,2.3342917419576723e-05,-0.0003212574649355625,4.830519722404272e-06
56.400000000000006,0.000354540386166934,2.3088157763813847e-05,-0.00031852010376530866,4.650659269998847e-06
56.5,0.0003487297402466843,2.2901319687583937e-05,-0.0003158031722425863,4.477444907801473e-06
56.6,0.00034313875243517904,2.2777410081401046e-05,-0.0003131029073053356,4.312804218522053e-06
56.7,0.00033776036425843737,2.271155345413982e-05,-0.0003104159090100522,4.158426784844587e-06
56.800000000000004,0.00033258740282833185,2.2699000301467195e-05,-0.00030773912319606795,4.015778060879209e-06
56.900000000000006,0.00032761260909808313,2.273513453007929e-05,-0.00030506982426291827,3.886112940002328e-06
57.0,0.00032282866468303647,2.2815479995009798e-05,-0.0003024055981539017,3.7704889705309204e-06
57.1,0.0003182282173522367,2.2935706242915477e-05,-0.0002997443257179733,3.6697791263707085e-06
57.2,0.00031380390547031654,2.30916336494248e-05,-0.0002970841667329444,3.5846839755639674e-06
57.300000000000004,0.00030954837993248455,2.3279237140753495e-05,-0.0002944235432568043,3.5157440365523368e-06
57.400000000000006,0.00030545432558723196,2.3494649687078132e-05,-0.000291761124158964,3.463351239149882e-06
57.5,0.0003015144812561831,2.3734165065976855e-05,-0.00028909581001659266,3.4277599812744933e-06
57.6,0.00029772165831947926,2.3994239902117483e-05,-0.00028642671836673003,3.4090977947772717e-06
57.7,0.0002940687578975016,2.4271495024225663e-05,-0.0002837531693313894,3.407375617410261e-06
57.800000000000004,0.0002905487866901909,2.4562716195541383e-05,-0.00028107467164845953,3.4224976592244764e-06
57.900000000000006,0.0002871548715069985,2.4864854255619724e-05,-0.00027839090912013616,3.4542708640250246e-06
58.0,0.0002838802725216959,2.5175024710375444e-05,-0.0002757017274901148,3.5024139667338505e-06
58.1,0.00028071839528610924,2.5490506805027542e-05,-0.000273007121757197,3.566566149532308e-06
58.2,0.0002776628015501382,2.5808742121317765e-05,-0.00027030722394316085,3.6462952933985535e-06
58.300000000000004,0.00027470721898217014,2.612733276453474e-05,-0.00026760229139788063,3.7411057840547576e-06
58.400000000000006,0.0002718455497896981,2.6444039150191457e-05,-0.00026489269558868157,3.850445910749689e-06
58.5,0.0002690718782665698,2.675677741419691e-05,-0.00026217891135636137,3.973714875505206e-06
58.6,0.00026638047730809196,2.7063616478400915e-05,-0.0002594615066355008,4.110269420859783e-06
58.7,0.00026376581393503884,2.7362774801490673e-05,-0.0002567411326365307,4.259430084279158e-06
58.800000000000004,0.000261222553867763,2.765261684424514e-05,-0.00025401851448433703,4.420487088603035e-06
58.900000000000006,0.0002587455651995723,2.7931649281754196e-05,-0.0002512944423158937,4.592705873572191e-06
59.0,0.0002563299212190819,2.819851699403228e-05,-0.000248569762839209,4.775332272888218e-06
59.1,0.00025397090241310004,2.845199885495108e-05,-0.00024584537133460766,4.9675973541485095e-06
59.2,0.0002516639976945538,2.8691003346232962e-05,-0.00024312220408907417,5.168721932674832e-06
59.300000000000004,0.00024940490489668975,2.891456402023463e-05,-0.00024040123125543963,5.3779207694234056e-06
59.400000000000006,0.0002471895305757892,2.9121834835032472e-05,-0.00023768345012673277,5.594406464099017e-06
59.5,0.0002450139891664678,2.9312085385595048e-05,-0.00023496987881534387,5.817393054415619e-06
59.6,0.00024287460158845583,2.9484696085282226e-05,-0.00023226155029270438,6.046099352279373e-06
59.7,0.00024076789336246172,2.963915332636058e-05,-0.00022955950676802455,6.27975203392292e-06
59.800000000000004,0.00023869059222380697,2.977504460821197e-05,-0.00022686479442656938,6.517588475894251e-06
59.900000000000006,0.00023663962525203553,2.9892053639107158e-05,-0.0002241784585337058,6.758859337516976e-06
